timestamp,type,module,level,method,user,client_ip,response_code,message,details
2025-11-07 13:10:02.315,SYSTEM,CSVLogger,INFO,,,,0,Logger inicializado correctamente,Archivo: logs/server_activity.csv
2025-11-07 13:10:02.315,SYSTEM,MainServer,INFO,,,,0,Iniciando servidor Robot XML-RPC,Arguments: 2
2025-11-07 13:10:02.315,SYSTEM,MainServer,DEBUG,,,,0,Argumento de línea de comandos,Function: main | argv[0] = ./servidor/servidor_rpc
2025-11-07 13:10:02.315,SYSTEM,MainServer,DEBUG,,,,0,Argumento de línea de comandos,Function: main | argv[1] = 8080
2025-11-07 13:10:02.315,SYSTEM,MainServer,INFO,,,,0,Manejadores de señales configurados,"SIGINT, SIGTERM"
2025-11-07 13:10:02.315,SYSTEM,MainServer,INFO,,,,0,Creando controlador del servidor,
2025-11-07 13:10:02.315,SYSTEM,MainServer,INFO,,,,0,Iniciando ejecución del servidor,
2025-11-07 13:10:02.338,SYSTEM,ServiceMethod,DEBUG,,,,0,Método registrado,Method: ServerTest - Respondo quien soy cuando no hay argumentos
2025-11-07 13:10:02.338,SYSTEM,ServiceMethod,DEBUG,,,,0,Método registrado,Method: Eco - Diga algo y recibira un saludo
2025-11-07 13:10:02.338,SYSTEM,ServiceMethod,DEBUG,,,,0,Método registrado,Method: Sumar - Indique varios numeros reales separados por espacio
2025-11-07 13:10:02.338,SYSTEM,ServiceMethod,DEBUG,,,,0,Método registrado,Method: connectRobot - Conecta al puerto serie del robot
2025-11-07 13:10:02.338,SYSTEM,ServiceMethod,DEBUG,,,,0,Método registrado,Method: disconnectRobot - Desconecta el puerto serie
2025-11-07 13:10:02.338,SYSTEM,ServiceMethod,DEBUG,,,,0,Método registrado,Method: setMode - Configura modo manual/absoluto
2025-11-07 13:10:02.338,SYSTEM,ServiceMethod,DEBUG,,,,0,Método registrado,Method: enableMotors - Enciende/Apaga motores
2025-11-07 13:10:02.338,SYSTEM,ServiceMethod,DEBUG,,,,0,Método registrado,Method: home - Homing del robot
2025-11-07 13:10:02.338,SYSTEM,ServiceMethod,DEBUG,,,,0,Método registrado,Method: move - Movimiento cartesiano
2025-11-07 13:10:02.338,SYSTEM,ServiceMethod,DEBUG,,,,0,Método registrado,Method: endEffector - Control gripper/endeffector
2025-11-07 13:10:02.338,SYSTEM,ServiceMethod,DEBUG,,,,0,Método registrado,Method: executeGcode - Ejecuta código G-code en el robot
2025-11-07 13:10:02.338,SYSTEM,ServiceMethod,DEBUG,,,,0,Método registrado,Method: getPosition - Obtener posición actual del robot
2025-11-07 13:10:02.338,SYSTEM,ServiceMethod,DEBUG,,,,0,Método registrado,Method: setPositionTracking - Habilitar/deshabilitar tracking de posición
2025-11-07 13:10:02.338,SYSTEM,ServiceMethod,DEBUG,,,,0,Método registrado,Method: authLogin - Autenticación de usuarios
2025-11-07 13:10:02.338,SYSTEM,ServiceMethod,DEBUG,,,,0,Método registrado,Method: authLogout - Logout de usuarios
2025-11-07 13:10:02.338,SYSTEM,ServiceMethod,DEBUG,,,,0,Método registrado,Method: userCreate - Crear nuevo usuario
2025-11-07 13:10:02.338,SYSTEM,ServiceMethod,DEBUG,,,,0,Método registrado,Method: userList - Listar usuarios
2025-11-07 13:10:02.338,SYSTEM,ServiceMethod,DEBUG,,,,0,Método registrado,Method: userInfo - Información de usuario
2025-11-07 13:10:02.338,SYSTEM,ServiceMethod,DEBUG,,,,0,Método registrado,Method: userUpdate - Actualizar usuario
2025-11-07 13:10:02.338,SYSTEM,ServiceMethod,DEBUG,,,,0,Método registrado,Method: userDelete - Eliminar usuario
2025-11-07 13:10:02.338,SYSTEM,ServiceMethod,DEBUG,,,,0,Método registrado,Method: routineCreate - Crear nueva rutina G-code
2025-11-07 13:10:02.338,SYSTEM,ServiceMethod,DEBUG,,,,0,Método registrado,Method: routineList - Listar rutinas G-code
2025-11-07 13:10:02.338,SYSTEM,ServiceMethod,DEBUG,,,,0,Método registrado,Method: routineGet - Obtener rutina G-code
2025-11-07 13:10:02.338,SYSTEM,ServiceMethod,DEBUG,,,,0,Método registrado,Method: routineUpdate - Actualizar rutina G-code
2025-11-07 13:10:02.338,SYSTEM,ServiceMethod,DEBUG,,,,0,Método registrado,Method: routineDelete - Eliminar rutina G-code
2025-11-07 13:10:02.338,SYSTEM,ServiceMethod,DEBUG,,,,0,Método registrado,Method: generateGcodeFromMovements - Generar G-code desde movimientos y guardarlo como rutina
2025-11-07 13:10:32.637,SYSTEM,AuthLoginMethod,DEBUG,,,,0,Intento de login,Function: execute | Usuario: admin
2025-11-07 13:10:32.648,SYSTEM,AuthLoginMethod,INFO,,,,0,Login exitoso para usuario: admin (ID: 1),
2025-11-07 13:10:32.648,REQUEST,XMLRPCServer,INFO,authLogin,admin,127.0.0.1,200,Petición procesada,Login successful - Role: ADMIN
2025-11-07 13:10:32.663,SYSTEM,ServerTestMethod,DEBUG,,,,0,Procesando test del servidor,Function: execute
2025-11-07 13:10:32.663,REQUEST,XMLRPCServer,INFO,ServerTest,anonymous,127.0.0.1,200,Petición procesada,Server test successful
2025-11-07 13:10:37.327,SYSTEM,ConnectRobotMethod,INFO,,,,0,Intento de conexión robot,Puerto: /dev/ttyUSB0 Baud: 115200
2025-11-07 13:10:37.327,SYSTEM,Robot,INFO,,,,0,Intentando conectar robot: /dev/ttyUSB0 Baud: 115200,
2025-11-07 13:10:37.327,SYSTEM,Robot,ERROR,,,,0,Error abriendo puerto serie: /dev/ttyUSB0,ErrorCode: 
2025-11-07 13:10:37.327,SYSTEM,ConnectRobotMethod,ERROR,,,,0,Fallo conectando robot,ErrorCode: 
2025-11-07 13:10:37.327,REQUEST,XMLRPCServer,INFO,connectRobot,unknown,127.0.0.1,500,Petición procesada,Robot connection failed to /dev/ttyUSB0
2025-11-07 13:10:37.333,SYSTEM,ServerTestMethod,DEBUG,,,,0,Procesando test del servidor,Function: execute
2025-11-07 13:10:37.333,REQUEST,XMLRPCServer,INFO,ServerTest,anonymous,127.0.0.1,200,Petición procesada,Server test successful
2025-11-07 13:11:07.005,SYSTEM,MainServer,INFO,,,,0,Señal de terminación recibida,Signal: 2
2025-11-07 13:11:07.005,SYSTEM,MainServer,INFO,,,,0,Servidor detenido correctamente,
2025-11-07 13:11:07.005,SYSTEM,CSVLogger,INFO,,,,0,Logger finalizando,Cerrando archivo de log
2025-11-07 13:36:50.943,SYSTEM,CSVLogger,INFO,,,,0,Logger inicializado correctamente,Archivo: logs/server_activity.csv
2025-11-07 13:36:50.944,SYSTEM,MainServer,INFO,,,,0,Iniciando servidor Robot XML-RPC,Arguments: 2
2025-11-07 13:36:50.944,SYSTEM,MainServer,DEBUG,,,,0,Argumento de línea de comandos,Function: main | argv[0] = ./servidor/servidor_rpc
2025-11-07 13:36:50.944,SYSTEM,MainServer,DEBUG,,,,0,Argumento de línea de comandos,Function: main | argv[1] = 8080
2025-11-07 13:36:50.944,SYSTEM,MainServer,INFO,,,,0,Manejadores de señales configurados,"SIGINT, SIGTERM"
2025-11-07 13:36:50.944,SYSTEM,MainServer,INFO,,,,0,Creando controlador del servidor,
2025-11-07 13:36:50.944,SYSTEM,MainServer,INFO,,,,0,Iniciando ejecución del servidor,
2025-11-07 13:36:50.969,SYSTEM,ServiceMethod,DEBUG,,,,0,Método registrado,Method: ServerTest - Respondo quien soy cuando no hay argumentos
2025-11-07 13:36:50.969,SYSTEM,ServiceMethod,DEBUG,,,,0,Método registrado,Method: Eco - Diga algo y recibira un saludo
2025-11-07 13:36:50.969,SYSTEM,ServiceMethod,DEBUG,,,,0,Método registrado,Method: Sumar - Indique varios numeros reales separados por espacio
2025-11-07 13:36:50.969,SYSTEM,ServiceMethod,DEBUG,,,,0,Método registrado,Method: connectRobot - Conecta al puerto serie del robot
2025-11-07 13:36:50.969,SYSTEM,ServiceMethod,DEBUG,,,,0,Método registrado,Method: disconnectRobot - Desconecta el puerto serie
2025-11-07 13:36:50.969,SYSTEM,ServiceMethod,DEBUG,,,,0,Método registrado,Method: setMode - Configura modo manual/absoluto
2025-11-07 13:36:50.969,SYSTEM,ServiceMethod,DEBUG,,,,0,Método registrado,Method: enableMotors - Enciende/Apaga motores
2025-11-07 13:36:50.969,SYSTEM,ServiceMethod,DEBUG,,,,0,Método registrado,Method: home - Homing del robot
2025-11-07 13:36:50.969,SYSTEM,ServiceMethod,DEBUG,,,,0,Método registrado,Method: move - Movimiento cartesiano
2025-11-07 13:36:50.969,SYSTEM,ServiceMethod,DEBUG,,,,0,Método registrado,Method: endEffector - Control gripper/endeffector
2025-11-07 13:36:50.969,SYSTEM,ServiceMethod,DEBUG,,,,0,Método registrado,Method: executeGcode - Ejecuta código G-code en el robot
2025-11-07 13:36:50.969,SYSTEM,ServiceMethod,DEBUG,,,,0,Método registrado,Method: getPosition - Obtener posición actual del robot
2025-11-07 13:36:50.969,SYSTEM,ServiceMethod,DEBUG,,,,0,Método registrado,Method: setPositionTracking - Habilitar/deshabilitar tracking de posición
2025-11-07 13:36:50.969,SYSTEM,ServiceMethod,DEBUG,,,,0,Método registrado,Method: authLogin - Autenticación de usuarios
2025-11-07 13:36:50.969,SYSTEM,ServiceMethod,DEBUG,,,,0,Método registrado,Method: authLogout - Logout de usuarios
2025-11-07 13:36:50.969,SYSTEM,ServiceMethod,DEBUG,,,,0,Método registrado,Method: userCreate - Crear nuevo usuario
2025-11-07 13:36:50.969,SYSTEM,ServiceMethod,DEBUG,,,,0,Método registrado,Method: userList - Listar usuarios
2025-11-07 13:36:50.969,SYSTEM,ServiceMethod,DEBUG,,,,0,Método registrado,Method: userInfo - Información de usuario
2025-11-07 13:36:50.969,SYSTEM,ServiceMethod,DEBUG,,,,0,Método registrado,Method: userUpdate - Actualizar usuario
2025-11-07 13:36:50.969,SYSTEM,ServiceMethod,DEBUG,,,,0,Método registrado,Method: userDelete - Eliminar usuario
2025-11-07 13:36:50.969,SYSTEM,ServiceMethod,DEBUG,,,,0,Método registrado,Method: routineCreate - Crear nueva rutina G-code
2025-11-07 13:36:50.969,SYSTEM,ServiceMethod,DEBUG,,,,0,Método registrado,Method: routineList - Listar rutinas G-code
2025-11-07 13:36:50.969,SYSTEM,ServiceMethod,DEBUG,,,,0,Método registrado,Method: routineGet - Obtener rutina G-code
2025-11-07 13:36:50.969,SYSTEM,ServiceMethod,DEBUG,,,,0,Método registrado,Method: routineUpdate - Actualizar rutina G-code
2025-11-07 13:36:50.969,SYSTEM,ServiceMethod,DEBUG,,,,0,Método registrado,Method: routineDelete - Eliminar rutina G-code
2025-11-07 13:36:50.969,SYSTEM,ServiceMethod,DEBUG,,,,0,Método registrado,Method: generateGcodeFromMovements - Generar G-code desde movimientos y guardarlo como rutina
2025-11-07 13:37:02.842,SYSTEM,MainServer,INFO,,,,0,Señal de terminación recibida,Signal: 2
2025-11-07 13:37:02.842,SYSTEM,MainServer,INFO,,,,0,Servidor detenido correctamente,
2025-11-07 13:37:02.843,SYSTEM,CSVLogger,INFO,,,,0,Logger finalizando,Cerrando archivo de log
2025-11-07 13:39:12.954,SYSTEM,CSVLogger,INFO,,,,0,Logger inicializado correctamente,Archivo: logs/server_activity.csv
2025-11-07 13:39:12.954,SYSTEM,MainServer,INFO,,,,0,Iniciando servidor Robot XML-RPC,Arguments: 2
2025-11-07 13:39:12.954,SYSTEM,MainServer,DEBUG,,,,0,Argumento de línea de comandos,Function: main | argv[0] = ./servidor/servidor_rpc
2025-11-07 13:39:12.954,SYSTEM,MainServer,DEBUG,,,,0,Argumento de línea de comandos,Function: main | argv[1] = 8080
2025-11-07 13:39:12.954,SYSTEM,MainServer,INFO,,,,0,Manejadores de señales configurados,"SIGINT, SIGTERM"
2025-11-07 13:39:12.954,SYSTEM,MainServer,INFO,,,,0,Creando controlador del servidor,
2025-11-07 13:39:12.954,SYSTEM,MainServer,INFO,,,,0,Iniciando ejecución del servidor,
2025-11-07 13:39:12.974,SYSTEM,ServiceMethod,DEBUG,,,,0,Método registrado,Method: ServerTest - Respondo quien soy cuando no hay argumentos
2025-11-07 13:39:12.974,SYSTEM,ServiceMethod,DEBUG,,,,0,Método registrado,Method: Eco - Diga algo y recibira un saludo
2025-11-07 13:39:12.974,SYSTEM,ServiceMethod,DEBUG,,,,0,Método registrado,Method: Sumar - Indique varios numeros reales separados por espacio
2025-11-07 13:39:12.975,SYSTEM,ServiceMethod,DEBUG,,,,0,Método registrado,Method: connectRobot - Conecta al puerto serie del robot
2025-11-07 13:39:12.975,SYSTEM,ServiceMethod,DEBUG,,,,0,Método registrado,Method: disconnectRobot - Desconecta el puerto serie
2025-11-07 13:39:12.975,SYSTEM,ServiceMethod,DEBUG,,,,0,Método registrado,Method: setMode - Configura modo manual/absoluto
2025-11-07 13:39:12.975,SYSTEM,ServiceMethod,DEBUG,,,,0,Método registrado,Method: enableMotors - Enciende/Apaga motores
2025-11-07 13:39:12.975,SYSTEM,ServiceMethod,DEBUG,,,,0,Método registrado,Method: home - Homing del robot
2025-11-07 13:39:12.975,SYSTEM,ServiceMethod,DEBUG,,,,0,Método registrado,Method: move - Movimiento cartesiano
2025-11-07 13:39:12.975,SYSTEM,ServiceMethod,DEBUG,,,,0,Método registrado,Method: endEffector - Control gripper/endeffector
2025-11-07 13:39:12.975,SYSTEM,ServiceMethod,DEBUG,,,,0,Método registrado,Method: executeGcode - Ejecuta código G-code en el robot
2025-11-07 13:39:12.975,SYSTEM,ServiceMethod,DEBUG,,,,0,Método registrado,Method: getPosition - Obtener posición actual del robot
2025-11-07 13:39:12.975,SYSTEM,ServiceMethod,DEBUG,,,,0,Método registrado,Method: setPositionTracking - Habilitar/deshabilitar tracking de posición
2025-11-07 13:39:12.975,SYSTEM,ServiceMethod,DEBUG,,,,0,Método registrado,Method: authLogin - Autenticación de usuarios
2025-11-07 13:39:12.975,SYSTEM,ServiceMethod,DEBUG,,,,0,Método registrado,Method: authLogout - Logout de usuarios
2025-11-07 13:39:12.975,SYSTEM,ServiceMethod,DEBUG,,,,0,Método registrado,Method: userCreate - Crear nuevo usuario
2025-11-07 13:39:12.975,SYSTEM,ServiceMethod,DEBUG,,,,0,Método registrado,Method: userList - Listar usuarios
2025-11-07 13:39:12.975,SYSTEM,ServiceMethod,DEBUG,,,,0,Método registrado,Method: userInfo - Información de usuario
2025-11-07 13:39:12.975,SYSTEM,ServiceMethod,DEBUG,,,,0,Método registrado,Method: userUpdate - Actualizar usuario
2025-11-07 13:39:12.975,SYSTEM,ServiceMethod,DEBUG,,,,0,Método registrado,Method: userDelete - Eliminar usuario
2025-11-07 13:39:12.975,SYSTEM,ServiceMethod,DEBUG,,,,0,Método registrado,Method: routineCreate - Crear nueva rutina G-code
2025-11-07 13:39:12.975,SYSTEM,ServiceMethod,DEBUG,,,,0,Método registrado,Method: routineList - Listar rutinas G-code
2025-11-07 13:39:12.975,SYSTEM,ServiceMethod,DEBUG,,,,0,Método registrado,Method: routineGet - Obtener rutina G-code
2025-11-07 13:39:12.975,SYSTEM,ServiceMethod,DEBUG,,,,0,Método registrado,Method: routineUpdate - Actualizar rutina G-code
2025-11-07 13:39:12.975,SYSTEM,ServiceMethod,DEBUG,,,,0,Método registrado,Method: routineDelete - Eliminar rutina G-code
2025-11-07 13:39:12.975,SYSTEM,ServiceMethod,DEBUG,,,,0,Método registrado,Method: generateGcodeFromMovements - Generar G-code desde movimientos y guardarlo como rutina
2025-11-07 13:39:28.913,SYSTEM,MainServer,INFO,,,,0,Señal de terminación recibida,Signal: 2
2025-11-07 13:39:28.913,SYSTEM,MainServer,INFO,,,,0,Servidor detenido correctamente,
2025-11-07 13:39:28.914,SYSTEM,CSVLogger,INFO,,,,0,Logger finalizando,Cerrando archivo de log
2025-11-07 13:42:49.568,SYSTEM,CSVLogger,INFO,,,,0,Logger inicializado correctamente,Archivo: logs/server_activity.csv
2025-11-07 13:42:49.568,SYSTEM,MainServer,INFO,,,,0,Iniciando servidor Robot XML-RPC,Arguments: 2
2025-11-07 13:42:49.568,SYSTEM,MainServer,DEBUG,,,,0,Argumento de línea de comandos,Function: main | argv[0] = ./servidor/servidor_rpc
2025-11-07 13:42:49.568,SYSTEM,MainServer,DEBUG,,,,0,Argumento de línea de comandos,Function: main | argv[1] = 8080
2025-11-07 13:42:49.568,SYSTEM,MainServer,INFO,,,,0,Manejadores de señales configurados,"SIGINT, SIGTERM"
2025-11-07 13:42:49.568,SYSTEM,MainServer,INFO,,,,0,Creando controlador del servidor,
2025-11-07 13:42:49.568,SYSTEM,MainServer,INFO,,,,0,Iniciando ejecución del servidor,
2025-11-07 13:42:49.583,SYSTEM,ServiceMethod,DEBUG,,,,0,Método registrado,Method: ServerTest - Respondo quien soy cuando no hay argumentos
2025-11-07 13:42:49.583,SYSTEM,ServiceMethod,DEBUG,,,,0,Método registrado,Method: Eco - Diga algo y recibira un saludo
2025-11-07 13:42:49.583,SYSTEM,ServiceMethod,DEBUG,,,,0,Método registrado,Method: Sumar - Indique varios numeros reales separados por espacio
2025-11-07 13:42:49.583,SYSTEM,ServiceMethod,DEBUG,,,,0,Método registrado,Method: connectRobot - Conecta al puerto serie del robot
2025-11-07 13:42:49.583,SYSTEM,ServiceMethod,DEBUG,,,,0,Método registrado,Method: disconnectRobot - Desconecta el puerto serie
2025-11-07 13:42:49.583,SYSTEM,ServiceMethod,DEBUG,,,,0,Método registrado,Method: setMode - Configura modo manual/absoluto
2025-11-07 13:42:49.583,SYSTEM,ServiceMethod,DEBUG,,,,0,Método registrado,Method: enableMotors - Enciende/Apaga motores
2025-11-07 13:42:49.583,SYSTEM,ServiceMethod,DEBUG,,,,0,Método registrado,Method: home - Homing del robot
2025-11-07 13:42:49.583,SYSTEM,ServiceMethod,DEBUG,,,,0,Método registrado,Method: move - Movimiento cartesiano
2025-11-07 13:42:49.583,SYSTEM,ServiceMethod,DEBUG,,,,0,Método registrado,Method: endEffector - Control gripper/endeffector
2025-11-07 13:42:49.583,SYSTEM,ServiceMethod,DEBUG,,,,0,Método registrado,Method: executeGcode - Ejecuta código G-code en el robot
2025-11-07 13:42:49.583,SYSTEM,ServiceMethod,DEBUG,,,,0,Método registrado,Method: getPosition - Obtener posición actual del robot
2025-11-07 13:42:49.583,SYSTEM,ServiceMethod,DEBUG,,,,0,Método registrado,Method: setPositionTracking - Habilitar/deshabilitar tracking de posición
2025-11-07 13:42:49.583,SYSTEM,ServiceMethod,DEBUG,,,,0,Método registrado,Method: authLogin - Autenticación de usuarios
2025-11-07 13:42:49.583,SYSTEM,ServiceMethod,DEBUG,,,,0,Método registrado,Method: authLogout - Logout de usuarios
2025-11-07 13:42:49.583,SYSTEM,ServiceMethod,DEBUG,,,,0,Método registrado,Method: userCreate - Crear nuevo usuario
2025-11-07 13:42:49.583,SYSTEM,ServiceMethod,DEBUG,,,,0,Método registrado,Method: userList - Listar usuarios
2025-11-07 13:42:49.583,SYSTEM,ServiceMethod,DEBUG,,,,0,Método registrado,Method: userInfo - Información de usuario
2025-11-07 13:42:49.583,SYSTEM,ServiceMethod,DEBUG,,,,0,Método registrado,Method: userUpdate - Actualizar usuario
2025-11-07 13:42:49.583,SYSTEM,ServiceMethod,DEBUG,,,,0,Método registrado,Method: userDelete - Eliminar usuario
2025-11-07 13:42:49.583,SYSTEM,ServiceMethod,DEBUG,,,,0,Método registrado,Method: routineCreate - Crear nueva rutina G-code
2025-11-07 13:42:49.583,SYSTEM,ServiceMethod,DEBUG,,,,0,Método registrado,Method: routineList - Listar rutinas G-code
2025-11-07 13:42:49.583,SYSTEM,ServiceMethod,DEBUG,,,,0,Método registrado,Method: routineGet - Obtener rutina G-code
2025-11-07 13:42:49.583,SYSTEM,ServiceMethod,DEBUG,,,,0,Método registrado,Method: routineUpdate - Actualizar rutina G-code
2025-11-07 13:42:49.583,SYSTEM,ServiceMethod,DEBUG,,,,0,Método registrado,Method: routineDelete - Eliminar rutina G-code
2025-11-07 13:42:49.583,SYSTEM,ServiceMethod,DEBUG,,,,0,Método registrado,Method: generateGcodeFromMovements - Generar G-code desde movimientos y guardarlo como rutina
2025-11-07 13:42:52.619,SYSTEM,MainServer,INFO,,,,0,Señal de terminación recibida,Signal: 2
2025-11-07 13:42:52.619,SYSTEM,MainServer,INFO,,,,0,Servidor detenido correctamente,
2025-11-07 13:42:52.619,SYSTEM,CSVLogger,INFO,,,,0,Logger finalizando,Cerrando archivo de log
2025-11-07 15:41:17.642,SYSTEM,CSVLogger,INFO,,,,0,Logger inicializado correctamente,Archivo: logs/server_activity.csv
2025-11-07 15:41:17.643,SYSTEM,MainServer,INFO,,,,0,Iniciando servidor Robot XML-RPC,Arguments: 2
2025-11-07 15:41:17.643,SYSTEM,MainServer,DEBUG,,,,0,Argumento de línea de comandos,Function: main | argv[0] = ./servidor/servidor_rpc
2025-11-07 15:41:17.643,SYSTEM,MainServer,DEBUG,,,,0,Argumento de línea de comandos,Function: main | argv[1] = 8080
2025-11-07 15:41:17.643,SYSTEM,MainServer,INFO,,,,0,Manejadores de señales configurados,"SIGINT, SIGTERM"
2025-11-07 15:41:17.643,SYSTEM,MainServer,INFO,,,,0,Creando controlador del servidor,
2025-11-07 15:41:17.643,SYSTEM,MainServer,INFO,,,,0,Iniciando ejecución del servidor,
2025-11-07 15:41:17.658,SYSTEM,ServiceMethod,DEBUG,,,,0,Método registrado,Method: ServerTest - Respondo quien soy cuando no hay argumentos
2025-11-07 15:41:17.658,SYSTEM,ServiceMethod,DEBUG,,,,0,Método registrado,Method: Eco - Diga algo y recibira un saludo
2025-11-07 15:41:17.658,SYSTEM,ServiceMethod,DEBUG,,,,0,Método registrado,Method: Sumar - Indique varios numeros reales separados por espacio
2025-11-07 15:41:17.658,SYSTEM,ServiceMethod,DEBUG,,,,0,Método registrado,Method: connectRobot - Conecta al puerto serie del robot
2025-11-07 15:41:17.658,SYSTEM,ServiceMethod,DEBUG,,,,0,Método registrado,Method: disconnectRobot - Desconecta el puerto serie
2025-11-07 15:41:17.658,SYSTEM,ServiceMethod,DEBUG,,,,0,Método registrado,Method: setMode - Configura modo manual/absoluto
2025-11-07 15:41:17.658,SYSTEM,ServiceMethod,DEBUG,,,,0,Método registrado,Method: enableMotors - Enciende/Apaga motores
2025-11-07 15:41:17.658,SYSTEM,ServiceMethod,DEBUG,,,,0,Método registrado,Method: home - Homing del robot
2025-11-07 15:41:17.658,SYSTEM,ServiceMethod,DEBUG,,,,0,Método registrado,Method: move - Movimiento cartesiano
2025-11-07 15:41:17.658,SYSTEM,ServiceMethod,DEBUG,,,,0,Método registrado,Method: endEffector - Control gripper/endeffector
2025-11-07 15:41:17.658,SYSTEM,ServiceMethod,DEBUG,,,,0,Método registrado,Method: executeGcode - Ejecuta código G-code en el robot
2025-11-07 15:41:17.658,SYSTEM,ServiceMethod,DEBUG,,,,0,Método registrado,Method: getPosition - Obtener posición actual del robot
2025-11-07 15:41:17.658,SYSTEM,ServiceMethod,DEBUG,,,,0,Método registrado,Method: setPositionTracking - Habilitar/deshabilitar tracking de posición
2025-11-07 15:41:17.658,SYSTEM,ServiceMethod,DEBUG,,,,0,Método registrado,Method: isConnected - Indica si el robot está conectado
2025-11-07 15:41:17.658,SYSTEM,ServiceMethod,DEBUG,,,,0,Método registrado,Method: authLogin - Autenticación de usuarios
2025-11-07 15:41:17.658,SYSTEM,ServiceMethod,DEBUG,,,,0,Método registrado,Method: authLogout - Logout de usuarios
2025-11-07 15:41:17.658,SYSTEM,ServiceMethod,DEBUG,,,,0,Método registrado,Method: userCreate - Crear nuevo usuario
2025-11-07 15:41:17.658,SYSTEM,ServiceMethod,DEBUG,,,,0,Método registrado,Method: userList - Listar usuarios
2025-11-07 15:41:17.658,SYSTEM,ServiceMethod,DEBUG,,,,0,Método registrado,Method: userInfo - Información de usuario
2025-11-07 15:41:17.658,SYSTEM,ServiceMethod,DEBUG,,,,0,Método registrado,Method: userUpdate - Actualizar usuario
2025-11-07 15:41:17.658,SYSTEM,ServiceMethod,DEBUG,,,,0,Método registrado,Method: userDelete - Eliminar usuario
2025-11-07 15:41:17.658,SYSTEM,ServiceMethod,DEBUG,,,,0,Método registrado,Method: routineCreate - Crear nueva rutina G-code
2025-11-07 15:41:17.658,SYSTEM,ServiceMethod,DEBUG,,,,0,Método registrado,Method: routineList - Listar rutinas G-code
2025-11-07 15:41:17.658,SYSTEM,ServiceMethod,DEBUG,,,,0,Método registrado,Method: routineGet - Obtener rutina G-code
2025-11-07 15:41:17.658,SYSTEM,ServiceMethod,DEBUG,,,,0,Método registrado,Method: routineUpdate - Actualizar rutina G-code
2025-11-07 15:41:17.658,SYSTEM,ServiceMethod,DEBUG,,,,0,Método registrado,Method: routineDelete - Eliminar rutina G-code
2025-11-07 15:41:17.658,SYSTEM,ServiceMethod,DEBUG,,,,0,Método registrado,Method: generateGcodeFromMovements - Generar G-code desde movimientos y guardarlo como rutina
2025-11-07 15:41:37.908,SYSTEM,MainServer,INFO,,,,0,Señal de terminación recibida,Signal: 2
2025-11-07 15:41:37.908,SYSTEM,MainServer,INFO,,,,0,Servidor detenido correctamente,
2025-11-07 15:41:37.908,SYSTEM,CSVLogger,INFO,,,,0,Logger finalizando,Cerrando archivo de log
2025-11-07 16:01:31.639,SYSTEM,CSVLogger,INFO,,,,0,Logger inicializado correctamente,Archivo: logs/server_activity.csv
2025-11-07 16:01:31.640,SYSTEM,MainServer,INFO,,,,0,Iniciando servidor Robot XML-RPC,Arguments: 2
2025-11-07 16:01:31.640,SYSTEM,MainServer,DEBUG,,,,0,Argumento de línea de comandos,Function: main | argv[0] = ./servidor/servidor_rpc
2025-11-07 16:01:31.640,SYSTEM,MainServer,DEBUG,,,,0,Argumento de línea de comandos,Function: main | argv[1] = 8080
2025-11-07 16:01:31.640,SYSTEM,MainServer,INFO,,,,0,Manejadores de señales configurados,"SIGINT, SIGTERM"
2025-11-07 16:01:31.640,SYSTEM,MainServer,INFO,,,,0,Creando controlador del servidor,
2025-11-07 16:01:31.640,SYSTEM,MainServer,INFO,,,,0,Iniciando ejecución del servidor,
2025-11-07 16:01:31.656,SYSTEM,ServiceMethod,DEBUG,,,,0,Método registrado,Method: ServerTest - Respondo quien soy cuando no hay argumentos
2025-11-07 16:01:31.656,SYSTEM,ServiceMethod,DEBUG,,,,0,Método registrado,Method: Eco - Diga algo y recibira un saludo
2025-11-07 16:01:31.656,SYSTEM,ServiceMethod,DEBUG,,,,0,Método registrado,Method: Sumar - Indique varios numeros reales separados por espacio
2025-11-07 16:01:31.656,SYSTEM,ServiceMethod,DEBUG,,,,0,Método registrado,Method: connectRobot - Conecta al puerto serie del robot
2025-11-07 16:01:31.656,SYSTEM,ServiceMethod,DEBUG,,,,0,Método registrado,Method: disconnectRobot - Desconecta el puerto serie
2025-11-07 16:01:31.656,SYSTEM,ServiceMethod,DEBUG,,,,0,Método registrado,Method: setMode - Configura modo manual/absoluto
2025-11-07 16:01:31.656,SYSTEM,ServiceMethod,DEBUG,,,,0,Método registrado,Method: enableMotors - Enciende/Apaga motores
2025-11-07 16:01:31.656,SYSTEM,ServiceMethod,DEBUG,,,,0,Método registrado,Method: home - Homing del robot
2025-11-07 16:01:31.656,SYSTEM,ServiceMethod,DEBUG,,,,0,Método registrado,Method: move - Movimiento cartesiano
2025-11-07 16:01:31.656,SYSTEM,ServiceMethod,DEBUG,,,,0,Método registrado,Method: endEffector - Control gripper/endeffector
2025-11-07 16:01:31.656,SYSTEM,ServiceMethod,DEBUG,,,,0,Método registrado,Method: executeGcode - Ejecuta código G-code en el robot
2025-11-07 16:01:31.656,SYSTEM,ServiceMethod,DEBUG,,,,0,Método registrado,Method: getPosition - Obtener posición actual del robot
2025-11-07 16:01:31.656,SYSTEM,ServiceMethod,DEBUG,,,,0,Método registrado,Method: setPositionTracking - Habilitar/deshabilitar tracking de posición
2025-11-07 16:01:31.656,SYSTEM,ServiceMethod,DEBUG,,,,0,Método registrado,Method: isConnected - Indica si el robot está conectado
2025-11-07 16:01:31.656,SYSTEM,ServiceMethod,DEBUG,,,,0,Método registrado,Method: getRobotStatus - Obtiene estado completo del robot
2025-11-07 16:01:31.656,SYSTEM,ServiceMethod,DEBUG,,,,0,Método registrado,Method: authLogin - Autenticación de usuarios
2025-11-07 16:01:31.656,SYSTEM,ServiceMethod,DEBUG,,,,0,Método registrado,Method: authLogout - Logout de usuarios
2025-11-07 16:01:31.656,SYSTEM,ServiceMethod,DEBUG,,,,0,Método registrado,Method: userCreate - Crear nuevo usuario
2025-11-07 16:01:31.656,SYSTEM,ServiceMethod,DEBUG,,,,0,Método registrado,Method: userList - Listar usuarios
2025-11-07 16:01:31.656,SYSTEM,ServiceMethod,DEBUG,,,,0,Método registrado,Method: userInfo - Información de usuario
2025-11-07 16:01:31.656,SYSTEM,ServiceMethod,DEBUG,,,,0,Método registrado,Method: userUpdate - Actualizar usuario
2025-11-07 16:01:31.656,SYSTEM,ServiceMethod,DEBUG,,,,0,Método registrado,Method: userDelete - Eliminar usuario
2025-11-07 16:01:31.656,SYSTEM,ServiceMethod,DEBUG,,,,0,Método registrado,Method: routineCreate - Crear nueva rutina G-code
2025-11-07 16:01:31.656,SYSTEM,ServiceMethod,DEBUG,,,,0,Método registrado,Method: routineList - Listar rutinas G-code
2025-11-07 16:01:31.656,SYSTEM,ServiceMethod,DEBUG,,,,0,Método registrado,Method: routineGet - Obtener rutina G-code
2025-11-07 16:01:31.656,SYSTEM,ServiceMethod,DEBUG,,,,0,Método registrado,Method: routineUpdate - Actualizar rutina G-code
2025-11-07 16:01:31.656,SYSTEM,ServiceMethod,DEBUG,,,,0,Método registrado,Method: routineDelete - Eliminar rutina G-code
2025-11-07 16:01:31.656,SYSTEM,ServiceMethod,DEBUG,,,,0,Método registrado,Method: generateGcodeFromMovements - Generar G-code desde movimientos y guardarlo como rutina
2025-11-07 16:01:42.032,SYSTEM,MainServer,INFO,,,,0,Señal de terminación recibida,Signal: 2
2025-11-07 16:01:42.032,SYSTEM,MainServer,INFO,,,,0,Servidor detenido correctamente,
2025-11-07 16:01:42.032,SYSTEM,CSVLogger,INFO,,,,0,Logger finalizando,Cerrando archivo de log
2025-11-07 16:06:17.544,SYSTEM,CSVLogger,INFO,,,,0,Logger inicializado correctamente,Archivo: logs/server_activity.csv
2025-11-07 16:06:17.544,SYSTEM,MainServer,INFO,,,,0,Iniciando servidor Robot XML-RPC,Arguments: 2
2025-11-07 16:06:17.544,SYSTEM,MainServer,DEBUG,,,,0,Argumento de línea de comandos,Function: main | argv[0] = ./servidor/servidor_rpc
2025-11-07 16:06:17.544,SYSTEM,MainServer,DEBUG,,,,0,Argumento de línea de comandos,Function: main | argv[1] = 8080
2025-11-07 16:06:17.544,SYSTEM,MainServer,INFO,,,,0,Manejadores de señales configurados,"SIGINT, SIGTERM"
2025-11-07 16:06:17.544,SYSTEM,MainServer,INFO,,,,0,Creando controlador del servidor,
2025-11-07 16:06:17.544,SYSTEM,MainServer,INFO,,,,0,Iniciando ejecución del servidor,
2025-11-07 16:06:17.570,SYSTEM,ServiceMethod,DEBUG,,,,0,Método registrado,Method: ServerTest - Respondo quien soy cuando no hay argumentos
2025-11-07 16:06:17.570,SYSTEM,ServiceMethod,DEBUG,,,,0,Método registrado,Method: Eco - Diga algo y recibira un saludo
2025-11-07 16:06:17.570,SYSTEM,ServiceMethod,DEBUG,,,,0,Método registrado,Method: Sumar - Indique varios numeros reales separados por espacio
2025-11-07 16:06:17.570,SYSTEM,ServiceMethod,DEBUG,,,,0,Método registrado,Method: connectRobot - Conecta al puerto serie del robot
2025-11-07 16:06:17.570,SYSTEM,ServiceMethod,DEBUG,,,,0,Método registrado,Method: disconnectRobot - Desconecta el puerto serie
2025-11-07 16:06:17.570,SYSTEM,ServiceMethod,DEBUG,,,,0,Método registrado,Method: setMode - Configura modo manual/absoluto
2025-11-07 16:06:17.570,SYSTEM,ServiceMethod,DEBUG,,,,0,Método registrado,Method: enableMotors - Enciende/Apaga motores
2025-11-07 16:06:17.570,SYSTEM,ServiceMethod,DEBUG,,,,0,Método registrado,Method: home - Homing del robot
2025-11-07 16:06:17.570,SYSTEM,ServiceMethod,DEBUG,,,,0,Método registrado,Method: move - Movimiento cartesiano
2025-11-07 16:06:17.570,SYSTEM,ServiceMethod,DEBUG,,,,0,Método registrado,Method: endEffector - Control gripper/endeffector
2025-11-07 16:06:17.570,SYSTEM,ServiceMethod,DEBUG,,,,0,Método registrado,Method: executeGcode - Ejecuta código G-code en el robot
2025-11-07 16:06:17.570,SYSTEM,ServiceMethod,DEBUG,,,,0,Método registrado,Method: getPosition - Obtener posición actual del robot
2025-11-07 16:06:17.570,SYSTEM,ServiceMethod,DEBUG,,,,0,Método registrado,Method: setPositionTracking - Habilitar/deshabilitar tracking de posición
2025-11-07 16:06:17.570,SYSTEM,ServiceMethod,DEBUG,,,,0,Método registrado,Method: isConnected - Indica si el robot está conectado
2025-11-07 16:06:17.570,SYSTEM,ServiceMethod,DEBUG,,,,0,Método registrado,Method: getRobotStatus - Obtiene estado completo del robot
2025-11-07 16:06:17.570,SYSTEM,ServiceMethod,DEBUG,,,,0,Método registrado,Method: authLogin - Autenticación de usuarios
2025-11-07 16:06:17.570,SYSTEM,ServiceMethod,DEBUG,,,,0,Método registrado,Method: authLogout - Logout de usuarios
2025-11-07 16:06:17.570,SYSTEM,ServiceMethod,DEBUG,,,,0,Método registrado,Method: userCreate - Crear nuevo usuario
2025-11-07 16:06:17.570,SYSTEM,ServiceMethod,DEBUG,,,,0,Método registrado,Method: userList - Listar usuarios
2025-11-07 16:06:17.570,SYSTEM,ServiceMethod,DEBUG,,,,0,Método registrado,Method: userInfo - Información de usuario
2025-11-07 16:06:17.570,SYSTEM,ServiceMethod,DEBUG,,,,0,Método registrado,Method: userUpdate - Actualizar usuario
2025-11-07 16:06:17.570,SYSTEM,ServiceMethod,DEBUG,,,,0,Método registrado,Method: userDelete - Eliminar usuario
2025-11-07 16:06:17.570,SYSTEM,ServiceMethod,DEBUG,,,,0,Método registrado,Method: routineCreate - Crear nueva rutina G-code
2025-11-07 16:06:17.570,SYSTEM,ServiceMethod,DEBUG,,,,0,Método registrado,Method: routineList - Listar rutinas G-code
2025-11-07 16:06:17.570,SYSTEM,ServiceMethod,DEBUG,,,,0,Método registrado,Method: routineGet - Obtener rutina G-code
2025-11-07 16:06:17.570,SYSTEM,ServiceMethod,DEBUG,,,,0,Método registrado,Method: routineUpdate - Actualizar rutina G-code
2025-11-07 16:06:17.570,SYSTEM,ServiceMethod,DEBUG,,,,0,Método registrado,Method: routineDelete - Eliminar rutina G-code
2025-11-07 16:06:17.570,SYSTEM,ServiceMethod,DEBUG,,,,0,Método registrado,Method: generateGcodeFromMovements - Generar G-code desde movimientos y guardarlo como rutina
2025-11-07 16:06:27.184,SYSTEM,MainServer,INFO,,,,0,Señal de terminación recibida,Signal: 2
2025-11-07 16:06:27.184,SYSTEM,MainServer,INFO,,,,0,Servidor detenido correctamente,
2025-11-07 16:06:27.184,SYSTEM,CSVLogger,INFO,,,,0,Logger finalizando,Cerrando archivo de log
